{
  "velocities": [
    30,
    60,
    120
  ],
  "results": {
    "CNN-Only": [
      -11.040464639663696,
      -2.99326628446579,
      -0.38591399788856506
    ],
    "GNN-CNN": [
      -2.7608954906463623,
      -1.0686835646629333,
      -0.10458366014063358
    ]
  }
}