{
  "layouts": [
    "random",
    "grid"
  ],
  "velocity": 120.0,
  "results": {
    "random": 0.026378808543086052,
    "grid": -0.10458366014063358
  }
}