{
  "velocities": [
    30,
    60,
    120
  ],
  "results": {
    "CNN-Only": [
      -10.792602300643921,
      -3.0778491497039795,
      -0.4933517053723335
    ],
    "GNN-CNN": [
      -1.163930892944336,
      -0.6620476394891739,
      0.026378808543086052
    ]
  }
}