{
  "velocities": [
    30,
    60,
    120
  ],
  "results": {
    "AR": [
      16.648074804923496,
      21.7865654502458,
      0.5407985868939456
    ],
    "VKF": [
      -3.665679063163859,
      -0.5245244622915646,
      -0.47786794328120086
    ],
    "CNN-Only": [
      -10.792602300643921,
      -3.0778491497039795,
      -0.4933517053723335
    ],
    "GNN-CNN": [
      -1.163930892944336,
      -0.6620476394891739,
      0.026378808543086052
    ]
  }
}