{
  "steps": [
    1,
    2,
    3
  ],
  "results": {
    "AR": [
      -4.733091649808256,
      1.7261886050127169,
      26.198714045969112
    ],
    "VKF": [
      -3.172415866573176,
      -0.11697052647305266,
      0.6217005705505497
    ],
    "CNN-Only": [
      -8.479068279266357,
      -2.9380452632904053,
      -1.0879819840192795
    ],
    "GNN-CNN": [
      -0.9554117918014526,
      -0.8195292949676514,
      -0.2931949868798256
    ]
  }
}