{
  "steps": [
    1,
    2,
    3
  ],
  "results": {
    "AR": [
      -1.538937191006926,
      0.9048695326927789,
      1.6384941617183517
    ],
    "VKF": [
      -1.2383674277080088,
      -0.18698332953834065,
      -0.10136350862233391
    ],
    "CNN-Only": [
      -0.6325674802064896,
      -0.6487278640270233,
      -0.22297328338027
    ],
    "GNN-CNN": [
      -0.08715543895959854,
      -0.15727313235402107,
      0.29825715348124504
    ]
  }
}