{
  "velocities": [
    30,
    60,
    120
  ],
  "results": {
    "AR": [
      24.25572545393645,
      12.146240950979347,
      24.844701046384237
    ],
    "VKF": [
      -4.18500989184889,
      -1.4403571872880057,
      -0.903469299848229
    ],
    "CNN-Only": [
      -11.040464639663696,
      -2.99326628446579,
      -0.38591399788856506
    ],
    "GNN-CNN": [
      -2.7608954906463623,
      -1.0686835646629333,
      -0.10458366014063358
    ]
  }
}