{
  "velocities": [
    30,
    60,
    120
  ],
  "results": {
    "CNN-Only": [
      -11.623631715774536,
      -3.6694207787513733,
      -0.5644344538450241
    ],
    "GNN-CNN": [
      -1.1924625933170319,
      -0.6374644488096237,
      -0.0024386250879615545
    ]
  }
}