{
  "layouts": [
    "random",
    "grid"
  ],
  "velocity": 120.0,
  "results": {
    "random": -0.0024386250879615545,
    "grid": -0.13322359882295132
  }
}