{
  "velocities": [
    30,
    60,
    120
  ],
  "results": {
    "CNN-Only": [
      -10.9463632106781,
      -3.45279723405838,
      -0.263510774821043
    ],
    "GNN-CNN": [
      -2.717159688472748,
      -1.1965752393007278,
      -0.13322359882295132
    ]
  }
}