{
  "steps": [
    1,
    2,
    3
  ],
  "results": {
    "AR": [
      -1.538937191006926,
      0.9048695326927789,
      1.6384941617183517
    ],
    "Kalman": [
      0.014052169945257424,
      0.0010458627267859787,
      1.1041070045728708e-05
    ],
    "CNN-Only": [
      -0.5585621669888496,
      -0.6011700630187988,
      -0.535409115254879
    ],
    "GNN-CNN": [
      -0.00020139750631642528,
      -0.002430077875033021,
      -0.004635025397874415
    ]
  }
}