{
  "velocities": [
    30,
    60,
    120
  ],
  "results": {
    "AR": [
      24.25572545393645,
      12.146240950979347,
      24.844701046384237
    ],
    "Kalman": [
      -2.4328243572200394,
      -0.37562314338828784,
      0.005348076196400611
    ],
    "CNN-Only": [
      -10.9463632106781,
      -3.45279723405838,
      -0.263510774821043
    ],
    "GNN-CNN": [
      -2.717159688472748,
      -1.1965752393007278,
      -0.13322359882295132
    ]
  }
}