{
  "velocities": [
    30,
    60,
    120
  ],
  "results": {
    "AR": [
      16.648074804923496,
      21.7865654502458,
      0.5407985868939456
    ],
    "Kalman": [
      -2.5134131885870707,
      0.19130302175694225,
      0.005027345681663641
    ],
    "CNN-Only": [
      -11.623631715774536,
      -3.6694207787513733,
      -0.5644344538450241
    ],
    "GNN-CNN": [
      -1.1924625933170319,
      -0.6374644488096237,
      -0.0024386250879615545
    ]
  }
}