{
  "steps": [
    1,
    2,
    3
  ],
  "results": {
    "AR": [
      -4.733091649808256,
      1.7261886050127169,
      26.198714045969112
    ],
    "Kalman": [
      -2.0379494604840733,
      0.7343642233118259,
      1.0655032047949093
    ],
    "CNN-Only": [
      -9.381099939346313,
      -3.898339569568634,
      -1.4289429783821106
    ],
    "GNN-CNN": [
      -0.9412790834903717,
      -0.750567689538002,
      -0.29713235795497894
    ]
  }
}