{
  "layouts": [
    "random",
    "grid"
  ],
  "velocity": 60.0,
  "results": {
    "random": -0.02046596258878708,
    "grid": 0.007904072408564389
  }
}