{
  "velocities": [
    30,
    60,
    120
  ],
  "results": {
    "CNN-Only": [
      0.15587328001856804,
      0.00979765085503459,
      1.351563185453415
    ],
    "GNN-CNN": [
      -0.005637479480355978,
      -0.02046596258878708,
      0.006064987392164767
    ]
  }
}