{
  "velocities": [
    30,
    60,
    120
  ],
  "results": {
    "CNN-Only": [
      0.015871161594986916,
      -0.0006847378244856372,
      0.7421404868364334
    ],
    "GNN-CNN": [
      0.059498464688658714,
      0.007904072408564389,
      0.01032398664392531
    ]
  }
}