{
  "layouts": [
    "random",
    "grid"
  ],
  "velocity": 120.0,
  "results": {
    "random": 0.006064987392164767,
    "grid": 0.01032398664392531
  }
}