{
  "velocities": [
    30,
    60,
    120
  ],
  "results": {
    "AR": [
      20.389587241160385,
      0.9064160956143121,
      0.8982858880891548
    ],
    "Kalman": [
      -4.972795231855461,
      -0.9842011991628241,
      0.004157157325323209
    ],
    "CNN-Only": [
      0.015871161594986916,
      -0.0006847378244856372,
      0.7421404868364334
    ],
    "GNN-CNN": [
      0.059498464688658714,
      0.007904072408564389,
      0.01032398664392531
    ]
  }
}