{
  "velocities": [
    30,
    60,
    120
  ],
  "results": {
    "AR": [
      16.601298910879635,
      4.107062575873796,
      1.0261008077258629
    ],
    "Kalman": [
      -5.493739814824991,
      -1.3026759506467702,
      -0.0017141737910884847
    ],
    "CNN-Only": [
      0.15587328001856804,
      0.00979765085503459,
      1.351563185453415
    ],
    "GNN-CNN": [
      -0.005637479480355978,
      -0.02046596258878708,
      0.006064987392164767
    ]
  }
}