{
  "steps": [
    1,
    2,
    3
  ],
  "results": {
    "AR": [
      -1.4280298990248006,
      0.032616144840005745,
      7.437544873489234
    ],
    "Kalman": [
      -2.4060494954422675,
      -1.2492699893368657,
      -0.6043919151461572
    ],
    "CNN-Only": [
      0.011965598678216338,
      0.008259601308964193,
      0.009404019801877439
    ],
    "GNN-CNN": [
      -0.033473679795861244,
      -0.014836747432127595,
      -0.014871553285047412
    ]
  }
}