{
  "steps": [
    1,
    2,
    3
  ],
  "results": {
    "AR": [
      1.001052567478807,
      1.472250718790444,
      0.5668831357186342
    ],
    "Kalman": [
      -0.004845003848371504,
      -0.00032092045894662483,
      4.850376903753956e-07
    ],
    "CNN-Only": [
      1.4439661800861359,
      1.487380564212799,
      1.1182820796966553
    ],
    "GNN-CNN": [
      0.0038082266109995544,
      -7.739973625575658e-05,
      0.01428830437362194
    ]
  }
}